Mobile Name,Mobile Plan Price,Mobile Full Price, Mobile Image URL
iPhone 15,$35.88 /mo.,"$1,315.68",https://images.ctfassets.net/t00ajdlq0g9p/3MKdzOtphqqK984h05jMH0/b32659ba054cd6f976e8df85f5075957/apple-15-pink-pos1.png?h=302&w=403&fm=webp&q=100
Google Pixel 8,$15.00 /mo.,"$1,108.00",https://images.ctfassets.net/t00ajdlq0g9p/3pYeP52cdwrp3KLkQmBOhL/f47837a68a78e3cebacc4efe7c6b271f/google-pixel-8-licorice-front.png?h=302&w=403&fm=webp&q=100
Samsung Galaxy S24,$25.83 /mo.,"$1,358.49",https://images.ctfassets.net/t00ajdlq0g9p/5f3svge2gw2IBK6pme9W3j/87e74acf55b287af4946dd91f15bdd2a/samsung-galaxy-s24-black-main.png?h=302&w=403&fm=webp&q=100
iPhone 13 Pro Max,$35.00 /mo.,"$1,050.00",https://images.ctfassets.net/t00ajdlq0g9p/18dAP3K1vDp9wthrvR7ck4/1cb06e32151c2bf95f5eccfa7d91aae3/iPhone13-Pro-Max-silver-front.png?h=302&w=403&fm=webp&q=100
iPhone 12,$33.39 /mo.,$801.36,https://images.ctfassets.net/t00ajdlq0g9p/7FD60LS70ADulmHYrvcAlN/0f3c2388a0f38f59b694ca971919b0cc/iPhone-12-black-01.png?h=302&w=403&fm=webp&q=100
moto g 5G - 2024,$7.00 /mo.,$249.99,https://images.ctfassets.net/t00ajdlq0g9p/52opijrLyXW4jfBr6gmOvb/577ce55021e07a1defc78fd5c8b4573a/motorola-moto-5G-front.png?h=302&w=403&fm=webp&q=100
iPhone 15,$33.84 /mo.,$812.00,https://images.ctfassets.net/t00ajdlq0g9p/zuz8GcQIdTie4AglVvFsI/d072096af79bb3d8595479bb2b0ddafc/apple-15-black-pos1.png?h=302&w=403&fm=webp&q=100
motorola edge (2023),$5.00 /mo.,$975.00,https://images.ctfassets.net/t00ajdlq0g9p/52dJbqC96tSEGn4mNglGOE/7bd14f43af9a18f410828e898291e1df/motorola-edge-2023-front.png?h=302&w=403&fm=webp&q=100
Google Pixel 8,$27.30 /mo.,$775.00,https://images.ctfassets.net/t00ajdlq0g9p/3pYeP52cdwrp3KLkQmBOhL/f47837a68a78e3cebacc4efe7c6b271f/google-pixel-8-licorice-front.png?h=302&w=403&fm=webp&q=100
Google Pixel 8a,$28.29 /mo.,$796.00,https://images.ctfassets.net/t00ajdlq0g9p/65Ryc9PQxo64lapaYkkLlG/523d21423281e8758dc12903cdad6516/google-pixel-8a-porcelain-main.png?h=302&w=403&fm=webp&q=100
Samsung Galaxy S23 FE,$36.25 /mo.,"$1,074.00",https://images.ctfassets.net/t00ajdlq0g9p/1hMZK6TZD6mFSlbnMN3nuK/9ce98c3bbd985bc3a977ebc1e6036bc9/samsung-galaxy-s23-FE-graphite-front.png?h=302&w=403&fm=webp&q=100
Samsung Galaxy A35 5G,$22.08 /mo.,$620.09,https://images.ctfassets.net/t00ajdlq0g9p/6vEQgRZbrs5FYahNKupCPk/443b912bab744a2cdca08b78751aacdb/samsung-galaxy-a35-front.png?h=302&w=403&fm=webp&q=100
iPhone 15 Pro Max,$47.50 /mo.,"$1,260.00",https://images.ctfassets.net/t00ajdlq0g9p/es0NuWFZjI8Muh1CyX2qb/0fa33df917d5653ffffc7462219eaa3c/apple-15-Pro-max-blue-pos1.png?h=302&w=403&fm=webp&q=100
Samsung Galaxy S24+,$45.33 /mo.,"$1,728.99",https://images.ctfassets.net/t00ajdlq0g9p/2swufagEHBfZWsND3GQGCM/acb574d20c57646edf1ae07b153a391d/samsung-galaxy-s24-Plus-black-main.png?h=302&w=403&fm=webp&q=100
Samsung Galaxy S23,$40.42 /mo.,"$1,197.94",https://images.ctfassets.net/t00ajdlq0g9p/6cBs3ZbMHUcVfhPFEZVGJF/00b1b60335cb42ef29c22d2927cde988/samsung-galaxy-s23Plus-black-front.png?h=302&w=403&fm=webp&q=100
moto g power - 2024,$10.00 /mo.,$399.99,https://images.ctfassets.net/t00ajdlq0g9p/6lFjSyWQO6nLCgTBaJzqjo/7dd43ee43040791ca74e1d952722f621/motorola-power-5G-front.png?h=302&w=403&fm=webp&q=100
Google Pixel 7,$10.00 /mo.,$936.00,https://images.ctfassets.net/t00ajdlq0g9p/5RKrq86nA53h07g5Mr2mDM/669dcbc6706adc9f28a790f20202c9e3/google-pixel-7-front-en.png?h=302&w=403&fm=webp&q=100
iPhone 14,$42.80 /mo.,"$1,027.00",https://images.ctfassets.net/t00ajdlq0g9p/3WhfwrE47HJ0oljoL6kqIm/b36af9654a429f5ee9d4f06188a7b307/apple-14-midnight-pos1.png?h=302&w=403&fm=webp&q=100
iPhone 15 Pro,$43.46 /mo.,"$1,043.00",https://images.ctfassets.net/t00ajdlq0g9p/1sRIz2DhDuwMt0GwMlXUwe/249954099108e4248355c5c07f31b5c8/apple-15-Pro-white-pos1.png?h=302&w=403&fm=webp&q=100
iPhone 13,$36.41 /mo.,$873.72,https://images.ctfassets.net/t00ajdlq0g9p/2AQljT5VTOHyFJK1I3dJBG/d859ca63398ff37492b08e72be782c25/iPhone13-red-front.png?h=302&w=403&fm=webp&q=100
Samsung Galaxy S22,$40.42 /mo.,"$1,198.00",https://images.ctfassets.net/t00ajdlq0g9p/6ewqp9H4IGmIptLYAKRNJ4/a423b89d4be7b61e30f73ecf688a29a5/galaxy-s22-blk-front.png?h=302&w=403&fm=webp&q=100
Samsung Galaxy S24 Ultra,$58.00 /mo.,"$2,222.99",https://images.ctfassets.net/t00ajdlq0g9p/4Jpkehl6SWVjSfsGjrBKel/015fe9a3abe3507f78c7bc0727dfb4c6/samsung-galaxy-s24-Ultra-violet-main.png?h=302&w=403&fm=webp&q=100
iPhone 15 Pro,$45.42 /mo.,"$1,490.00",https://images.ctfassets.net/t00ajdlq0g9p/148MwoEnIU1Fx1zNcciAwG/a43bd8dd38ecc7a7d2d3047200edcbbb/apple-15-Pro-black-pos1.png?h=302&w=403&fm=webp&q=100
iPhone 15 Pro Max,$58.28 /mo.,"$1,798.80",https://images.ctfassets.net/t00ajdlq0g9p/148MwoEnIU1Fx1zNcciAwG/a43bd8dd38ecc7a7d2d3047200edcbbb/apple-15-Pro-black-pos1.png?h=302&w=403&fm=webp&q=100
Samsung Galaxy A15 5G,$11.25 /mo.,$316.00,https://images.ctfassets.net/t00ajdlq0g9p/6ZReh2cyX1tX2XLzyMRg5D/9731adcf76776cf89ad8b6a57985472b/Frame_8.png?h=302&w=403&fm=webp&q=100
Samsung Galaxy A54 5G,$24.58 /mo.,$690.00,https://images.ctfassets.net/t00ajdlq0g9p/XykZR9VCE2xYOgh48e53X/8b443bec7c6f23366acdb16db2cb8a2d/samsung-a54-front.png?h=302&w=403&fm=webp&q=100
iPhone 15 Plus,$38.34 /mo.,$920.00,https://images.ctfassets.net/t00ajdlq0g9p/2YTR4iN748jrTweovn8Bzl/7d805c9da008dfbcc777fa625f12663a/apple-15-plus-black-pos1.png?h=302&w=403&fm=webp&q=100
iPhone 14 Plus,$49.23 /mo.,"$1,181.52",https://images.ctfassets.net/t00ajdlq0g9p/18mhmkXBpU44bfTreMqMTW/3f0a5969c7650f167c6779e371b48a58/apple-iPhone14-plus-yellow-front.png?h=302&w=403&fm=webp&q=100
Samsung Galaxy Z Flip5,$39.17 /mo.,"$1,605.00",https://images.ctfassets.net/t00ajdlq0g9p/3zkr5TiIKyr2zCUAVTf648/7ed40e39446feb447a1ef04433d097ba/samsung-galaxy-flip5-graphite-angle.png?h=302&w=403&fm=webp&q=100
Google Pixel 7a,$24.95 /mo.,$702.00,https://images.ctfassets.net/t00ajdlq0g9p/5OZq8nAK6N3hIqEuyR8mec/4f9283e19c0d0d16845df7c03044d66e/google-pixel-7a-carbon-front-en.png?h=302&w=403&fm=webp&q=100
iPhone 15 Plus,$42.30 /mo.,"$1,315.00",https://images.ctfassets.net/t00ajdlq0g9p/3mW2ZgNzQWepMf6zseN0e5/d7ec57a7c27ee020e9d2cd9c0c57a442/apple-15-plus-blue-pos1.png?h=302&w=403&fm=webp&q=100
Google Pixel 8 Pro,$30.00 /mo.,"$1,575.00",https://images.ctfassets.net/t00ajdlq0g9p/1LHYwKBmHZGz6gusYWzQMC/670e8552c6f8d68718c1f9ad7592b43a/google-pixel-8-Pro-licorice-front.png?h=302&w=403&fm=webp&q=100
Google Pixel 8 Pro,$40.92 /mo.,"$1,102.00",https://images.ctfassets.net/t00ajdlq0g9p/1LHYwKBmHZGz6gusYWzQMC/670e8552c6f8d68718c1f9ad7592b43a/google-pixel-8-Pro-licorice-front.png?h=302&w=403&fm=webp&q=100
ThinkPhone by Motorola,$15.00 /mo.,"$1,170.00",https://images.ctfassets.net/t00ajdlq0g9p/e9KLl3DhfCGiQocRQYzo0/6cc60ed21fa3b024cafad1b98a955c5e/motorola-thinkPhone-front.png?h=302&w=403&fm=webp&q=100
Samsung Galaxy S23+,$58.34 /mo.,"$1,729.00",https://images.ctfassets.net/t00ajdlq0g9p/6cBs3ZbMHUcVfhPFEZVGJF/00b1b60335cb42ef29c22d2927cde988/samsung-galaxy-s23Plus-black-front.png?h=302&w=403&fm=webp&q=100
Samsung Galaxy Z Fold5,$85.00 /mo.,"$2,964.00",https://images.ctfassets.net/t00ajdlq0g9p/5nf4mpaeTpF9LnpklGgWpF/937d0758ade4ea391217a86f3f239eb8/samsung-galaxy-fold5-black-front.png?h=302&w=403&fm=webp&q=100
iPhone 14 Plus,$27.09 /mo.,$770.00,https://images.ctfassets.net/t00ajdlq0g9p/6H2n3Z7zz5TlEIOLlKNXcv/d046be094e029eec029557e7430ae51f/apple-14-Plus-purple-pos1.png?h=302&w=403&fm=webp&q=100
iPhone 14 Pro,$34.80 /mo.,$955.00,https://images.ctfassets.net/t00ajdlq0g9p/01NYHxIykVNPWK5XwTgBqP/5e76264b1d92c821ac1c4ce89213967e/iPhone14Pro-SpaceBlack-pos1.png?h=302&w=403&fm=webp&q=100
iPhone 14 Pro Max,$35.42 /mo.,$970.00,https://images.ctfassets.net/t00ajdlq0g9p/GbhrhKuSbh7U7muBTatOc/da9e6b3bb7ff8e13d16829efd2293995/iPhone14ProMax-DeepPurple-pos1.png?h=302&w=403&fm=webp&q=100
Samsung Galaxy Z Flip4,$52.51 /mo.,"$1,556.00",https://images.ctfassets.net/t00ajdlq0g9p/1hJZWajdB9gW00W6h8uiK4/bb5c23770eb80ad36e272a217095320f/samsung-z-flip-graphite-angle.png?h=302&w=403&fm=webp&q=100
TCL Flip,$4.13 /mo.,$111.00,https://images.ctfassets.net/t00ajdlq0g9p/7UWgXQ9ErUmvWP9sDJR3R/acc51d6f9a6d9ba6c9c353d91535caaf/TCL-Flip-front.png?h=302&w=403&fm=webp&q=100
moto g play (2023),$3.00 /mo.,$249.99,https://images.ctfassets.net/t00ajdlq0g9p/3TjbsbVeEVNTo6CW4ll8cJ/cd2621d4b18e6e493d035d845c49c6dc/motorola-g-play-front.png?h=302&w=403&fm=webp&q=100
Samsung Galaxy S22 Ultra,$68.75 /mo.,"$2,038.00",https://images.ctfassets.net/t00ajdlq0g9p/6mr7iqGS4S5K3t4sImIvP4/ecb52ea432715bb39da97c820b352503/galaxy-s22-ultra-black-front.png?h=302&w=403&fm=webp&q=100
iPhone 14,$43.00 /mo.,"$1,285.00",https://images.ctfassets.net/t00ajdlq0g9p/3WhfwrE47HJ0oljoL6kqIm/b36af9654a429f5ee9d4f06188a7b307/apple-14-midnight-pos1.png?h=302&w=403&fm=webp&q=100
Samsung Galaxy A14 5G,$13.75 /mo.,$386.00,https://images.ctfassets.net/t00ajdlq0g9p/6C0KgRUBtUoCxPNIE2xcxe/e59a2f36bef1a6cc4c2fadadc4211a2e/galaxy-a14-front.png?h=302&w=403&fm=webp&q=100
iPhone 13 Pro,$29.00 /mo.,$950.00,https://images.ctfassets.net/t00ajdlq0g9p/5NjSeIZQjuvZVs6AYmK57L/e49655af795dedd33899ebc206be4e0b/iPhone13-pro-green-pos1.png?h=302&w=403&fm=webp&q=100
Samsung Galaxy S22+,$58.34 /mo.,"$1,729.00",https://images.ctfassets.net/t00ajdlq0g9p/4f7ogq7UyJ42U5tOw4fLkK/e3bc7f42a964092fc6568f04bde0384e/galaxy-s22_-black-front.png?h=302&w=403&fm=webp&q=100
Samsung Galaxy S22,$5.00 /mo.,$915.00,https://images.ctfassets.net/t00ajdlq0g9p/2pXPr1quAc0R0Vg0LGFVRC/c1b8668ee33d737a286691abde6d6601/galaxy-s22-white-front.png?h=302&w=403&fm=webp&q=100
Samsung Galaxy S22 Ultra,$40.00 /mo.,"$1,100.00",https://images.ctfassets.net/t00ajdlq0g9p/1yQgCea6uacrgtmebnTpYW/086e1ce25d25ef8240631634b29f7b25/galaxy-s22-ultra-white-front.png?h=302&w=403&fm=webp&q=100
Samsung Galaxy Z Fold4,$94.59 /mo.,"$2,803.00",https://images.ctfassets.net/t00ajdlq0g9p/2naanS0jXWT6yZ4vGUlX56/3eecb7b3f400f78e2619ec8f70d155b6/samsung-z-fold-black-angle.png?h=302&w=403&fm=webp&q=100
iPhone SE,$24.80 /mo.,$595.08,https://images.ctfassets.net/t00ajdlq0g9p/QcyKnkR7sGYwCYIG4ynOp/2a4738351de561d9a564b547c93d08c1/iPhone-SE3-midnight-pos1.png?h=302&w=403&fm=webp&q=100
